id,user_name,email,gender,age,country
1,Sparhawk,wsparhawk0@va.gov,Female,37,Brazil
2,Albery,talbery1@goo.gl,Male,55,Cuba
3,Andresen,fandresen2@jiathis.com,Male,51,Bosnia and Herzegovina
4,Tansill,stansill3@salon.com,Male,27,South Africa
5,Jeffels,ojeffels4@dedecms.com,Female,52,China
6,Thirkettle,cthirkettle5@woothemes.com,Male,25,Argentina
7,Dowers,gdowers6@dion.ne.jp,Male,18,South Africa
8,Baudry,pbaudry7@disqus.com,Male,22,Palestinian Territory
9,Smees,ssmees8@epa.gov,Female,41,Ukraine
10,Darth,tdarth9@weather.com,Female,31,Albania
11,Wilson,bwilsona@dailymotion.com,Female,87,Sweden
12,Belliard,mbelliardb@sbwire.com,Female,38,France
13,David,mdavidc@slate.com,Male,26,Egypt
14,Kalinowsky,gkalinowskyd@tinyurl.com,Female,55,Malta
15,Andreaccio,mandreaccioe@usatoday.com,Female,52,Benin
16,Pechell,cpechellf@google.ru,Male,32,Portugal
17,Daout,wdaoutg@ed.gov,Male,39,Ukraine
18,Volett,wvoletth@cisco.com,Male,26,China
19,Boribal,bboribali@washington.edu,Male,43,Russia
20,Skynner,rskynnerj@cdc.gov,Male,83,Lebanon
21,Iglesia,miglesiak@chronoengine.com,Male,30,China
22,Bryan,kbryanl@ucoz.com,Male,75,Afghanistan
23,Gianneschi,mgianneschim@storify.com,Male,85,Belarus
24,Orwin,borwinn@epa.gov,Female,29,South Korea
25,Klimkovich,gklimkovicho@imdb.com,Female,84,China
26,Sancraft,msancraftp@boston.com,Male,39,Indonesia
27,Grint,rgrintq@spotify.com,Male,35,Moldova
28,Whatford,mwhatfordr@nbcnews.com,Female,32,China
29,Meads,fmeadss@last.fm,Male,67,Malawi
30,Parades,dparadest@pcworld.com,Female,36,Greece
31,Airth,kairthu@nhs.uk,Male,28,Uganda
32,Dimnage,kdimnagev@etsy.com,Male,36,Thailand
33,Abramsky,cabramskyw@godaddy.com,Female,25,China
34,Stephen,dstephenx@addtoany.com,Female,40,Colombia
35,Windle,dwindley@myspace.com,Female,78,Armenia
36,O'Cannovane,jocannovanez@discovery.com,Male,80,Indonesia
37,Caro,acaro10@networkadvertising.org,Male,38,Armenia
38,Hanham,rhanham11@bluehost.com,Male,45,Indonesia
39,Kingsland,fkingsland12@google.fr,Female,74,China
40,Djuricic,gdjuricic13@nytimes.com,Male,39,United States
41,Bleier,bbleier14@trellian.com,Male,40,Indonesia
42,Row,brow15@netscape.com,Female,59,Czech Republic
43,Pinkett,kpinkett16@dedecms.com,Male,72,Indonesia
44,Meaddowcroft,umeaddowcroft17@ftc.gov,Male,32,Indonesia
45,MacNally,imacnally18@elpais.com,Male,43,China
46,Hurll,khurll19@google.co.jp,Male,56,China
47,Busain,abusain1a@walmart.com,Male,25,Brazil
48,Cobleigh,acobleigh1b@51.la,Female,59,Philippines
49,MacCheyne,nmaccheyne1c@time.com,Male,42,Somalia
50,Baccas,fbaccas1d@redcross.org,Male,32,China
51,Gater,egater1e@loc.gov,Male,20,Argentina
52,Wormald,ewormald1f@posterous.com,Male,71,Philippines
53,Bothwell,sbothwell1g@loc.gov,Female,39,Russia
54,Form,aform1h@pinterest.com,Male,39,Brazil
55,Bosche,gbosche1i@forbes.com,Female,50,Benin
56,Bansal,tbansal1j@prlog.org,Male,54,France
57,Breese,jbreese1k@abc.net.au,Male,35,South Africa
58,Meeks,smeeks1l@japanpost.jp,Male,40,Poland
59,Gambell,bgambell1m@blinklist.com,Female,54,Brazil
60,Marousek,cmarousek1n@biglobe.ne.jp,Male,68,France
61,Chilver,cchilver1o@nationalgeographic.com,Male,20,Kazakhstan
62,Manske,mmanske1p@ted.com,Female,35,Sweden
63,Keays,gkeays1q@amazon.com,Male,77,Macedonia
64,Vobes,lvobes1r@desdev.cn,Female,70,Colombia
65,MacCallum,emaccallum1s@youku.com,Female,42,New Zealand
66,Lehrle,glehrle1t@simplemachines.org,Male,32,Ukraine
67,Betho,cbetho1u@nba.com,Female,51,Argentina
68,Coomber,rcoomber1v@taobao.com,Male,40,Iran
69,McAlroy,cmcalroy1w@dot.gov,Female,26,France
70,Brogden,dbrogden1x@miitbeian.gov.cn,Male,34,Greece
71,Kitteringham,okitteringham1y@ucoz.com,Male,28,China
72,Allingham,oallingham1z@buzzfeed.com,Male,24,Germany
73,Birkett,jbirkett20@php.net,Female,53,Canada
74,Delue,cdelue21@cargocollective.com,Male,31,Luxembourg
75,Skermer,fskermer22@pagesperso-orange.fr,Male,66,French Polynesia
76,Glowacha,vglowacha23@cdc.gov,Male,59,Russia
77,Stansall,cstansall24@webeden.co.uk,Female,66,France
78,Doddemeade,bdoddemeade25@nps.gov,Male,18,China
79,O'Kieran,gokieran26@1688.com,Male,24,Spain
80,Morrant,imorrant27@chicagotribune.com,Male,38,Iran
81,Fike,jfike28@amazon.co.jp,Female,60,Canada
82,Crow,ccrow29@princeton.edu,Female,39,China
83,Stiggles,cstiggles2a@hugedomains.com,Female,43,Gambia
84,Pegg,lpegg2b@redcross.org,Male,20,Portugal
85,Lavelle,tlavelle2c@boston.com,Male,45,China
86,Furneaux,lfurneaux2d@noaa.gov,Male,27,France
87,Petrosian,spetrosian2e@e-recht24.de,Male,83,Russia
88,Stubbins,fstubbins2f@symantec.com,Female,44,Democratic Republic of the Congo
89,Huffadine,thuffadine2g@hugedomains.com,Male,76,Thailand
90,Clowsley,gclowsley2h@ow.ly,Female,58,Indonesia
91,Shimony,ashimony2i@reference.com,Male,34,Thailand
92,Deverall,ndeverall2j@google.co.jp,Male,37,France
93,Dudding,bdudding2k@studiopress.com,Female,68,Russia
94,Dennett,sdennett2l@phpbb.com,Male,88,China
95,Hebbs,rhebbs2m@alexa.com,Male,41,Philippines
96,Kalewe,nkalewe2n@ftc.gov,Male,30,Latvia
97,Paulou,cpaulou2o@seattletimes.com,Male,42,Israel
98,Wannell,bwannell2p@amazonaws.com,Male,40,Sweden
99,Dadley,ldadley2q@alibaba.com,Female,57,China
100,Welsby,zwelsby2r@craigslist.org,Female,83,Indonesia
101,MacGeffen,jmacgeffen2s@google.cn,Male,24,China
102,Conybear,bconybear2t@nhs.uk,Male,26,Bulgaria
103,Doumenc,mdoumenc2u@cdbaby.com,Female,41,China
104,Bulcock,fbulcock2v@skype.com,Female,24,China
105,Wittke,gwittke2w@odnoklassniki.ru,Male,22,South Africa
106,Trineman,ltrineman2x@about.com,Male,76,Indonesia
107,MacGown,vmacgown2y@lulu.com,Female,29,Canada
108,Delete,cdelete2z@t.co,Male,39,China
109,Larciere,rlarciere30@amazon.co.jp,Male,66,Djibouti
110,Mathes,mmathes31@columbia.edu,Male,39,Egypt
111,Lowles,llowles32@friendfeed.com,Female,49,Japan
112,Dobbison,cdobbison33@ustream.tv,Female,25,China
113,Bottby,abottby34@infoseek.co.jp,Female,37,China
114,Thurlbeck,cthurlbeck35@php.net,Male,60,Somalia
115,Ledgister,hledgister36@tamu.edu,Male,43,Poland
116,Pettko,spettko37@vk.com,Female,30,France
117,Demageard,gdemageard38@usatoday.com,Male,54,China
118,Cordelet,bcordelet39@godaddy.com,Male,74,Bolivia
119,MacRury,mmacrury3a@latimes.com,Male,75,Nigeria
120,Londors,olondors3b@jiathis.com,Female,23,Chile
121,Linde,wlinde3c@usnews.com,Male,77,China
122,Bartosch,mbartosch3d@cnn.com,Female,30,Indonesia
123,Labat,vlabat3e@chron.com,Male,76,China
124,Beever,nbeever3f@simplemachines.org,Male,43,Brazil
125,De Witt,ldewitt3g@nydailynews.com,Male,60,Nepal
126,de Clerk,bdeclerk3h@ycombinator.com,Male,27,Finland
127,Daniellot,ldaniellot3i@newsvine.com,Male,70,Mali
128,Sandland,csandland3j@jigsy.com,Male,46,Philippines
129,Sinnocke,lsinnocke3k@foxnews.com,Female,63,Canada
130,Behn,jbehn3l@upenn.edu,Female,57,Sweden
131,Cases,dcases3m@va.gov,Female,64,Russia
132,Howis,thowis3n@seesaa.net,Male,77,Indonesia
133,Pozzi,apozzi3o@businessinsider.com,Female,32,Philippines
134,Marriage,mmarriage3p@microsoft.com,Male,51,China
135,Pursehouse,jpursehouse3q@ibm.com,Male,79,India
136,Gooly,kgooly3r@constantcontact.com,Male,33,Colombia
137,Fleis,lfleis3s@bizjournals.com,Male,63,Czech Republic
138,Stanlike,kstanlike3t@shareasale.com,Female,39,China
139,Booij,ebooij3u@oaic.gov.au,Female,57,United Kingdom
140,Dan,adan3v@wikia.com,Female,50,Russia
141,Tottie,mtottie3w@newyorker.com,Male,34,Vietnam
142,Valsler,dvalsler3x@a8.net,Male,74,Canada
143,Collister,tcollister3y@istockphoto.com,Male,51,Philippines
144,Skeemor,cskeemor3z@ft.com,Male,25,Philippines
145,Chitter,schitter40@eventbrite.com,Male,38,Serbia
146,Matityahu,amatityahu41@samsung.com,Female,29,Peru
147,Gowlett,ggowlett42@tinyurl.com,Male,61,Poland
148,Forcade,nforcade43@tripod.com,Female,19,Tuvalu
149,Rickman,nrickman44@go.com,Male,25,Russia
150,Cotty,ccotty45@fda.gov,Male,64,Bosnia and Herzegovina
151,Chalfain,gchalfain46@mlb.com,Female,47,Portugal
152,Berthome,kberthome47@lycos.com,Female,20,Nigeria
153,Cliffe,jcliffe48@ed.gov,Female,22,China
154,Fuster,cfuster49@deviantart.com,Male,41,Sweden
155,Langfitt,mlangfitt4a@slashdot.org,Male,60,South Korea
156,Straniero,dstraniero4b@phpbb.com,Male,70,Poland
157,L'argent,clargent4c@g.co,Female,67,United States
158,Gligori,jgligori4d@ft.com,Female,85,Russia
159,Poulsum,kpoulsum4e@prweb.com,Female,68,Brazil
160,Conti,gconti4f@sun.com,Male,84,France
161,Decruse,mdecruse4g@theglobeandmail.com,Female,78,Norway
162,Gaskal,dgaskal4h@homestead.com,Male,29,China
163,Ferandez,dferandez4i@blogs.com,Female,39,Poland
164,Fessier,hfessier4j@google.fr,Male,34,Japan
165,Laker,alaker4k@google.com.au,Male,36,Indonesia
166,Bosworth,gbosworth4l@miitbeian.gov.cn,Male,35,Laos
167,Mussolini,smussolini4m@cisco.com,Male,83,Greece
168,Janway,mjanway4n@bizjournals.com,Female,73,China
169,Henriet,thenriet4o@soundcloud.com,Female,30,Mexico
170,Romand,aromand4p@twitter.com,Male,30,Brazil
171,Tackes,dtackes4q@aboutads.info,Male,45,Indonesia
172,Shadfourth,gshadfourth4r@china.com.cn,Male,34,Bhutan
173,Wileman,cwileman4s@pbs.org,Male,43,Palestinian Territory
174,Keedwell,mkeedwell4t@bloglovin.com,Male,48,Iran
175,Raffin,vraffin4u@cocolog-nifty.com,Male,44,Indonesia
176,Guinness,bguinness4v@cocolog-nifty.com,Female,57,Brazil
177,Doogue,rdoogue4w@digg.com,Female,49,Norway
178,Doy,rdoy4x@ucsd.edu,Male,50,Russia
179,Pyffe,apyffe4y@youku.com,Female,30,Venezuela
180,Cage,kcage4z@weather.com,Male,24,Peru
181,Eastcott,seastcott50@google.com.au,Male,40,Portugal
182,Pepon,bpepon51@google.co.jp,Male,53,Colombia
183,Bedome,mbedome52@opensource.org,Female,51,Philippines
184,Grenkov,ogrenkov53@nasa.gov,Female,67,Czech Republic
185,Harnell,gharnell54@technorati.com,Male,39,Russia
186,MacPadene,bmacpadene55@ibm.com,Female,81,Russia
187,Martt,hmartt56@nba.com,Female,43,China
188,Paolozzi,lpaolozzi57@huffingtonpost.com,Female,65,Portugal
189,Buckler,dbuckler58@webmd.com,Female,37,Germany
190,Scully,dscully59@cmu.edu,Female,22,Libya
191,Bance,mbance5a@comcast.net,Male,21,China
192,Mewes,rmewes5b@reddit.com,Female,70,Indonesia
193,Heffernon,cheffernon5c@baidu.com,Male,68,Indonesia
194,Haggath,yhaggath5d@wiley.com,Male,18,Syria
195,McNerlin,smcnerlin5e@microsoft.com,Male,70,Uganda
196,Ernshaw,rernshaw5f@walmart.com,Female,39,Japan
197,Gadney,wgadney5g@ted.com,Female,26,Indonesia
198,Nolton,jnolton5h@wordpress.org,Female,24,Philippines
199,Bryning,bbryning5i@mediafire.com,Male,25,China
200,Josse,djosse5j@chronoengine.com,Female,20,Tanzania
201,Hutchence,hhutchence5k@phpbb.com,Male,61,Colombia
202,Spittal,kspittal5l@examiner.com,Male,42,Poland
203,MacCleay,pmaccleay5m@google.nl,Female,64,France
204,Chown,mchown5n@alexa.com,Male,38,Kenya
205,Degoe,mdegoe5o@reuters.com,Male,53,Tajikistan
206,Keilloh,hkeilloh5p@go.com,Female,50,Philippines
207,Villaron,avillaron5q@google.com.hk,Female,37,Venezuela
208,Macellar,rmacellar5r@weibo.com,Female,38,Nepal
209,Spadeck,sspadeck5s@cisco.com,Male,28,Nicaragua
210,Pritty,ipritty5t@bloomberg.com,Female,18,Sweden
211,Belitz,pbelitz5u@linkedin.com,Male,20,Portugal
212,Sammons,msammons5v@netvibes.com,Male,28,Malaysia
213,McGahy,cmcgahy5w@google.com,Female,52,Indonesia
214,Hammerman,bhammerman5x@e-recht24.de,Male,49,Brazil
215,Polin,bpolin5y@fastcompany.com,Male,59,China
216,Prahl,rprahl5z@bigcartel.com,Male,47,Armenia
217,Hryskiewicz,rhryskiewicz60@biglobe.ne.jp,Male,54,Ireland
218,McCard,amccard61@edublogs.org,Male,38,Ukraine
219,Griffe,cgriffe62@europa.eu,Female,38,Peru
220,Widdecombe,mwiddecombe63@cargocollective.com,Male,61,Russia
221,Cannavan,mcannavan64@freewebs.com,Female,72,Yemen
222,Lowy,clowy65@mail.ru,Female,42,Poland
223,Wimes,mwimes66@nyu.edu,Male,60,Czech Republic
224,Radnage,sradnage67@auda.org.au,Female,41,Poland
225,McGrowther,imcgrowther68@smugmug.com,Male,22,Japan
226,Moyes,nmoyes69@qq.com,Male,64,Myanmar
227,Alldred,galldred6a@utexas.edu,Male,40,Poland
228,Eccott,neccott6b@buzzfeed.com,Female,56,Finland
229,Kemsley,kkemsley6c@tmall.com,Female,30,Czech Republic
230,Haile,ehaile6d@shutterfly.com,Female,28,Philippines
231,Ashpole,oashpole6e@wsj.com,Female,26,Bulgaria
232,McTurley,kmcturley6f@mediafire.com,Male,34,United States
233,Habbal,ihabbal6g@eepurl.com,Female,21,Brazil
234,Eltone,leltone6h@opera.com,Male,39,Russia
235,Benoi,pbenoi6i@nydailynews.com,Female,46,Nigeria
236,Penrith,fpenrith6j@is.gd,Male,22,Netherlands
237,Reisk,breisk6k@people.com.cn,Male,49,Finland
238,Memory,amemory6l@skyrock.com,Male,44,China
239,Adamoli,cadamoli6m@naver.com,Male,31,Portugal
240,Seer,mseer6n@xing.com,Male,47,Guatemala
241,Abby,iabby6o@vistaprint.com,Female,55,Poland
242,Llopis,dllopis6p@marriott.com,Male,25,China
243,Danhel,tdanhel6q@networksolutions.com,Female,56,Poland
244,Crankshaw,ecrankshaw6r@adobe.com,Male,25,Colombia
245,Salisbury,tsalisbury6s@mashable.com,Male,50,China
246,Goodsell,ngoodsell6t@globo.com,Female,51,Japan
247,Geldard,rgeldard6u@printfriendly.com,Female,84,China
248,Dingley,kdingley6v@ibm.com,Male,20,Czech Republic
249,Sweeting,gsweeting6w@chicagotribune.com,Male,29,Indonesia
250,Hughes,bhughes6x@amazon.com,Male,54,Finland
251,Stroyan,fstroyan6y@intel.com,Female,40,Guatemala
252,Corrison,lcorrison6z@icq.com,Male,59,Brazil
253,Edgeler,aedgeler70@washingtonpost.com,Female,19,China
254,Lamberth,blamberth71@wiley.com,Female,31,China
255,Ketchen,kketchen72@qq.com,Female,51,Albania
256,Meikle,cmeikle73@mozilla.org,Female,32,Tanzania
257,Cogswell,ccogswell74@ning.com,Male,49,Serbia
258,Palia,jpalia75@symantec.com,Male,25,Japan
259,Scotchbrook,lscotchbrook76@reverbnation.com,Female,28,Indonesia
260,Underhill,eunderhill77@4shared.com,Female,43,Serbia
261,Cornfield,gcornfield78@marketwatch.com,Male,26,China
262,Deegan,edeegan79@altervista.org,Female,25,Switzerland
263,Mechell,imechell7a@wikia.com,Male,27,Nicaragua
264,Ivantyev,livantyev7b@blogger.com,Male,33,Sweden
265,Teideman,lteideman7c@goo.gl,Male,49,Indonesia
266,Vines,wvines7d@weibo.com,Male,32,France
267,Heminsley,wheminsley7e@goo.gl,Female,55,Mexico
268,Paddemore,mpaddemore7f@archive.org,Male,39,China
269,Worland,pworland7g@51.la,Male,72,China
270,Tabrett,ntabrett7h@abc.net.au,Female,75,China
271,Blanko,jblanko7i@hhs.gov,Female,22,Brazil
272,Whitehair,twhitehair7j@ovh.net,Female,22,Indonesia
273,Redpath,aredpath7k@shop-pro.jp,Female,55,Bulgaria
274,Hick,dhick7l@istockphoto.com,Female,32,Canada
275,le Keux,hlekeux7m@vkontakte.ru,Male,34,China
276,Comerford,kcomerford7n@washington.edu,Female,28,Ukraine
277,Scholz,sscholz7o@people.com.cn,Female,34,China
278,Shrimplin,mshrimplin7p@bloomberg.com,Male,23,Morocco
279,Skillitt,tskillitt7q@cloudflare.com,Male,36,Indonesia
280,Pech,bpech7r@thetimes.co.uk,Female,23,China
281,Rumble,arumble7s@cmu.edu,Female,65,Thailand
282,Gonning,ggonning7t@sciencedirect.com,Male,28,France
283,Halgarth,mhalgarth7u@domainmarket.com,Male,57,France
284,O'Clery,aoclery7v@intel.com,Male,47,China
285,Mattiazzi,kmattiazzi7w@technorati.com,Male,73,Colombia
286,Fulkes,rfulkes7x@jugem.jp,Male,68,China
287,Donoher,kdonoher7y@illinois.edu,Male,39,Russia
288,Osmond,wosmond7z@state.tx.us,Female,74,Philippines
289,Simao,gsimao80@cbslocal.com,Female,66,Colombia
290,Ivanuschka,sivanuschka81@ibm.com,Male,75,Ireland
291,Umbert,bumbert82@xing.com,Male,56,China
292,Candwell,acandwell83@furl.net,Male,22,China
293,McAdam,cmcadam84@cbc.ca,Female,51,Pakistan
294,Prothero,dprothero85@cargocollective.com,Male,27,Ukraine
295,Ratter,gratter86@cdbaby.com,Female,56,United States
296,McGillecole,lmcgillecole87@europa.eu,Female,21,Indonesia
297,Lunge,alunge88@360.cn,Female,71,Armenia
298,Plowman,splowman89@ustream.tv,Male,18,Peru
299,Draxford,bdraxford8a@sogou.com,Female,28,Sweden
300,Muscott,smuscott8b@booking.com,Male,69,Canada
301,Matous,rmatous8c@si.edu,Male,47,Indonesia
302,Guihen,kguihen8d@harvard.edu,Male,78,Philippines
303,Gruczka,wgruczka8e@webmd.com,Male,51,Japan
304,Spadeck,cspadeck8f@opera.com,Female,51,Ireland
305,Betke,lbetke8g@slashdot.org,Female,58,China
306,Rowley,arowley8h@virginia.edu,Male,26,China
307,Barrie,bbarrie8i@ask.com,Male,81,Indonesia
308,Beardsall,tbeardsall8j@google.co.jp,Female,27,French Polynesia
309,Kupper,skupper8k@vistaprint.com,Female,18,Colombia
310,Sothcott,rsothcott8l@themeforest.net,Female,44,Slovenia
311,Ladel,bladel8m@goo.gl,Female,73,Morocco
312,Boshard,jboshard8n@infoseek.co.jp,Female,40,China
313,Kareman,ckareman8o@nih.gov,Female,65,Philippines
314,Jakoviljevic,ajakoviljevic8p@vk.com,Male,75,Thailand
315,Schaffel,rschaffel8q@washington.edu,Female,26,Philippines
316,McElrath,smcelrath8r@w3.org,Male,81,Poland
317,Connett,jconnett8s@facebook.com,Male,29,Malaysia
318,Simoncelli,msimoncelli8t@china.com.cn,Male,42,Poland
319,Hegges,vhegges8u@meetup.com,Female,48,Azerbaijan
320,Moyse,gmoyse8v@dot.gov,Female,67,Russia
321,Hazle,rhazle8w@plala.or.jp,Female,30,Colombia
322,Yesipov,dyesipov8x@phpbb.com,Female,68,China
323,Balentyne,ebalentyne8y@smugmug.com,Male,53,Greece
324,Low,blow8z@tumblr.com,Female,43,United States
325,Jeffers,mjeffers90@latimes.com,Male,35,China
326,Bensen,jbensen91@europa.eu,Male,33,Indonesia
327,Tschierse,etschierse92@virginia.edu,Male,22,China
328,McNeill,wmcneill93@ca.gov,Female,18,Belarus
329,Buffey,wbuffey94@baidu.com,Male,68,China
330,Simeoni,bsimeoni95@tuttocitta.it,Female,91,Iran
331,St. Quintin,rstquintin96@aol.com,Male,45,Switzerland
332,Baugh,bbaugh97@redcross.org,Male,55,Vietnam
333,Randall,vrandall98@senate.gov,Female,46,Indonesia
334,Adrien,aadrien99@sina.com.cn,Male,20,China
335,Carek,ccarek9a@feedburner.com,Female,45,Philippines
336,Readshall,nreadshall9b@home.pl,Male,18,Indonesia
337,Beal,sbeal9c@ameblo.jp,Female,29,Malaysia
338,Belk,abelk9d@unesco.org,Female,60,Philippines
339,Connechie,dconnechie9e@i2i.jp,Female,29,Indonesia
340,Mereweather,bmereweather9f@npr.org,Male,27,Mozambique
341,Bream,wbream9g@nifty.com,Male,25,Thailand
342,Ulyat,sulyat9h@marriott.com,Male,19,Indonesia
343,Klimt,gklimt9i@barnesandnoble.com,Male,44,Thailand
344,Jerrans,sjerrans9j@fema.gov,Female,55,Canada
345,Brabham,abrabham9k@t.co,Male,46,Mexico
346,Duberry,eduberry9l@ycombinator.com,Male,36,United States
347,Edney,fedney9m@trellian.com,Male,79,Portugal
348,Fardy,dfardy9n@biblegateway.com,Male,38,Ukraine
349,Palphreyman,apalphreyman9o@arstechnica.com,Male,47,China
350,Schroeder,nschroeder9p@ted.com,Female,31,Russia
351,Byk,jbyk9q@quantcast.com,Male,73,China
352,Heintsch,gheintsch9r@spiegel.de,Male,24,China
353,Morrel,jmorrel9s@dion.ne.jp,Male,38,China
354,Segge,gsegge9t@illinois.edu,Male,57,Kazakhstan
355,Gorusso,mgorusso9u@sourceforge.net,Male,40,Ukraine
356,Adenot,cadenot9v@histats.com,Male,33,Indonesia
357,Fritter,dfritter9w@newyorker.com,Male,34,Ukraine
358,Errowe,verrowe9x@shop-pro.jp,Male,57,Indonesia
359,Adnam,eadnam9y@devhub.com,Male,67,Peru
360,Simonnet,ssimonnet9z@artisteer.com,Female,85,Portugal
361,Cloy,pcloya0@netlog.com,Female,51,Thailand
362,Bassick,rbassicka1@infoseek.co.jp,Female,46,Palestinian Territory
363,Marquiss,jmarquissa2@zdnet.com,Male,19,Indonesia
364,Digby,ydigbya3@sina.com.cn,Male,23,France
365,Claiden,lclaidena4@vistaprint.com,Male,32,Netherlands
366,Detoc,udetoca5@meetup.com,Male,28,China
367,Trowel,ctrowela6@ocn.ne.jp,Female,60,Peru
368,Corrado,acorradoa7@wordpress.com,Male,21,China
369,Hannaway,shannawaya8@tinyurl.com,Male,52,Ireland
370,Egar,regara9@php.net,Male,24,Sudan
371,Canto,rcantoaa@theguardian.com,Male,23,Indonesia
372,Clardge,fclardgeab@merriam-webster.com,Male,60,Croatia
373,Kleehuhler,bkleehuhlerac@netscape.com,Male,18,Argentina
374,Tewkesbury.,vtewkesburyad@fda.gov,Female,27,Philippines
375,Puddifer,cpuddiferae@nyu.edu,Male,53,Mexico
376,MacDwyer,rmacdwyeraf@sciencedirect.com,Female,48,Poland
377,McGrayle,imcgrayleag@adobe.com,Male,60,Sweden
378,Matzl,dmatzlah@fotki.com,Male,98,Ukraine
379,Garriock,ggarriockai@mtv.com,Male,57,Czech Republic
380,Artist,eartistaj@acquirethisname.com,Female,30,Russia
381,MacQuarrie,wmacquarrieak@sciencedaily.com,Male,46,United States
382,Arnely,jarnelyal@noaa.gov,Male,25,Russia
383,Slainey,islaineyam@simplemachines.org,Male,24,China
384,Biesinger,gbiesingeran@shop-pro.jp,Male,62,Ukraine
385,Townsley,ftownsleyao@imgur.com,Female,23,Czech Republic
386,Mellanby,lmellanbyap@foxnews.com,Male,31,China
387,Cowdery,ccowderyaq@china.com.cn,Female,30,China
388,Isles,aislesar@linkedin.com,Female,52,Czech Republic
389,Trazzi,ctrazzias@wiley.com,Male,52,Colombia
390,Vickers,avickersat@desdev.cn,Female,70,China
391,Jurries,djurriesau@free.fr,Male,78,Slovenia
392,Semrad,isemradav@bbb.org,Female,67,Vietnam
393,Venn,dvennaw@time.com,Female,69,Philippines
394,McGooch,jmcgoochax@networksolutions.com,Male,51,China
395,Mitroshinov,amitroshinovay@mac.com,Male,36,Mexico
396,Dowsett,bdowsettaz@bravesites.com,Male,68,China
397,Abisetti,kabisettib0@flavors.me,Male,41,South Africa
398,Keningham,ckeninghamb1@house.gov,Male,42,Indonesia
399,Reeken,oreekenb2@tuttocitta.it,Female,47,Brazil
400,People,bpeopleb3@theguardian.com,Male,55,Brazil
401,Reeson,breesonb4@edublogs.org,Female,65,Macedonia
402,Elsegood,eelsegoodb5@edublogs.org,Male,54,Ecuador
403,Gilbane,ggilbaneb6@github.com,Male,49,Ukraine
404,Lanon,flanonb7@dyndns.org,Male,31,South Africa
405,Leeman,eleemanb8@uiuc.edu,Male,45,United States
406,Sturges,ssturgesb9@chicagotribune.com,Male,34,Colombia
407,Mattia,pmattiaba@over-blog.com,Female,71,Peru
408,Blankley,cblankleybb@noaa.gov,Male,41,China
409,Erett,aerettbc@creativecommons.org,Male,34,North Korea
410,Dunkirk,bdunkirkbd@mit.edu,Female,40,Norway
411,De Witt,mdewittbe@canalblog.com,Male,60,Indonesia
412,Van Saltsberg,avansaltsbergbf@tmall.com,Male,58,Indonesia
413,Farriar,wfarriarbg@xinhuanet.com,Male,34,Sri Lanka
414,Crudge,bcrudgebh@omniture.com,Male,57,Lebanon
415,Burril,pburrilbi@technorati.com,Female,47,France
416,MacCumiskey,lmaccumiskeybj@w3.org,Male,64,China
417,Bruty,fbrutybk@phoca.cz,Female,51,Uzbekistan
418,Fridaye,tfridayebl@jigsy.com,Male,90,Honduras
419,Pavey,dpaveybm@europa.eu,Male,66,China
420,Pischoff,fpischoffbn@jigsy.com,Female,24,Russia
421,Lukacs,plukacsbo@google.es,Male,36,Poland
422,Hamblett,chamblettbp@ebay.co.uk,Male,52,China
423,Mossom,dmossombq@infoseek.co.jp,Female,39,Indonesia
424,Graalmans,egraalmansbr@blogs.com,Male,38,Colombia
425,Zannini,mzanninibs@simplemachines.org,Female,92,China
426,Drysdell,rdrysdellbt@elegantthemes.com,Male,97,Morocco
427,Punter,kpunterbu@drupal.org,Male,20,China
428,Raiment,craimentbv@vinaora.com,Male,23,Indonesia
429,Chace,ichacebw@taobao.com,Female,91,China
430,Minker,pminkerbx@tiny.cc,Male,65,China
431,Caville,pcavilleby@yale.edu,Female,27,New Zealand
432,Ilchenko,bilchenkobz@google.ru,Male,68,Sweden
433,Mann,kmannc0@scribd.com,Male,67,Argentina
434,Castellaccio,dcastellaccioc1@abc.net.au,Female,45,China
435,Woodroffe,mwoodroffec2@clickbank.net,Male,59,United States
436,Simonnet,asimonnetc3@infoseek.co.jp,Male,37,Russia
437,Elvidge,telvidgec4@prnewswire.com,Female,59,Russia
438,Hawler,ghawlerc5@washingtonpost.com,Female,47,China
439,Auchterlony,gauchterlonyc6@ifeng.com,Female,27,Netherlands
440,Dict,fdictc7@parallels.com,Male,66,Indonesia
441,Peotz,gpeotzc8@dmoz.org,Female,66,China
442,Cottrill,hcottrillc9@bloglovin.com,Female,88,Ireland
443,Tuminelli,mtuminellica@comcast.net,Male,23,China
444,Scutter,jscuttercb@hibu.com,Male,38,Indonesia
445,Pisculli,cpiscullicc@deviantart.com,Female,64,Brazil
446,De Andreis,hdeandreiscd@tmall.com,Male,93,China
447,Edgington,sedgingtonce@lycos.com,Male,88,China
448,Defew,ddefewcf@umn.edu,Female,36,Russia
449,Foro,dforocg@fotki.com,Male,40,United States
450,Camps,icampsch@smh.com.au,Male,71,Hungary
451,Sarvar,asarvarci@ezinearticles.com,Female,18,China
452,Chaucer,achaucercj@yellowpages.com,Male,67,France
453,Hullins,mhullinsck@blinklist.com,Male,78,China
454,Moulden,amouldencl@wikia.com,Female,59,Canada
455,Baudet,vbaudetcm@bluehost.com,Female,95,China
456,Niaves,kniavescn@networksolutions.com,Male,80,Ukraine
457,Yurocjkin,hyurocjkinco@dion.ne.jp,Female,66,Indonesia
458,Jeeks,mjeekscp@ed.gov,Female,87,Uzbekistan
459,Osanne,kosannecq@seattletimes.com,Male,32,Italy
460,Morton,bmortoncr@ebay.com,Male,30,China
461,Castilljo,ccastilljocs@hexun.com,Male,85,France
462,Pabel,rpabelct@amazon.co.uk,Male,100,France
463,Crampsey,mcrampseycu@usgs.gov,Male,47,Brazil
464,Kalaher,skalahercv@tuttocitta.it,Female,61,China
465,Tonsley,rtonsleycw@rediff.com,Male,42,Czech Republic
466,Sterricks,bsterrickscx@desdev.cn,Male,77,China
467,Hostan,mhostancy@huffingtonpost.com,Female,53,El Salvador
468,Challenger,achallengercz@netscape.com,Male,91,Iran
469,Walton,nwaltond0@sitemeter.com,Female,40,Japan
470,Suthren,tsuthrend1@alexa.com,Female,71,Indonesia
471,Jina,cjinad2@constantcontact.com,Female,47,France
472,Gallaway,pgallawayd3@oaic.gov.au,Male,31,El Salvador
473,Raffan,nraffand4@ocn.ne.jp,Female,52,Bosnia and Herzegovina
474,Garard,bgarardd5@stumbleupon.com,Male,24,Colombia
475,Epinay,repinayd6@cargocollective.com,Male,81,Japan
476,Greenstock,sgreenstockd7@constantcontact.com,Male,64,Thailand
477,Alelsandrowicz,malelsandrowiczd8@amazon.co.jp,Male,26,Slovenia
478,Verrier,sverrierd9@chronoengine.com,Male,81,Cambodia
479,McChesney,fmcchesneyda@examiner.com,Female,69,China
480,Pioch,hpiochdb@unc.edu,Male,45,Philippines
481,Dowdle,ddowdledc@woothemes.com,Male,42,Bolivia
482,Manthroppe,amanthroppedd@unicef.org,Male,87,Portugal
483,Chopy,nchopyde@soup.io,Female,97,Yemen
484,Elizabeth,nelizabethdf@surveymonkey.com,Male,90,Indonesia
485,O'Shields,roshieldsdg@exblog.jp,Female,67,Russia
486,Pruce,fprucedh@instagram.com,Male,90,Indonesia
487,Corrao,hcorraodi@sitemeter.com,Male,24,Pakistan
488,Ambroz,eambrozdj@behance.net,Male,50,Lebanon
489,Ivan,civandk@samsung.com,Male,36,South Africa
490,Bence,tbencedl@istockphoto.com,Male,73,China
491,Chaters,vchatersdm@goo.ne.jp,Male,89,China
492,Broader,cbroaderdn@baidu.com,Male,45,Poland
493,Petel,ppeteldo@eventbrite.com,Male,34,Papua New Guinea
494,Dedrick,idedrickdp@dot.gov,Female,23,China
495,Poundesford,kpoundesforddq@marketwatch.com,Male,88,Indonesia
496,Malley,lmalleydr@wix.com,Male,29,Indonesia
497,Gothrup,lgothrupds@gizmodo.com,Male,59,Sweden
498,Isenor,pisenordt@earthlink.net,Female,29,France
499,Hendrikse,chendriksedu@economist.com,Female,45,Zimbabwe
500,Folkes,sfolkesdv@ca.gov,Male,65,Portugal
